Year,Observation status,Unit multiplier,Nature of data points,Source details,Frequency of observation,Reporting type,SERIES,Reference area,UNIT_MEASURE,Value
2014,Normal value,Units,Not Available,Nepal Multiple Indicator Cluster Survey 2014 and 2019,Annual,National,Under-five mortality rate [3.2.1],Nepal,Percent,38
2019,Normal value,Units,Not Available,Nepal Multiple Indicator Cluster Survey 2014 and 2019,Annual,National,Under-five mortality rate [3.2.1],Nepal,Percent,28
2019,Normal value,Units,Not Available,Nepal Multiple Indicator Cluster Survey 2014 and 2019,Annual,National,Under-five mortality rate [3.2.1],Province 1,Percent,32
2019,Normal value,Units,Not Available,Nepal Multiple Indicator Cluster Survey 2014 and 2019,Annual,National,Under-five mortality rate [3.2.1],Province 2,Percent,19
2019,Normal value,Units,Not Available,Nepal Multiple Indicator Cluster Survey 2014 and 2019,Annual,National,Under-five mortality rate [3.2.1],Bagmati,Percent,19
2019,Normal value,Units,Not Available,Nepal Multiple Indicator Cluster Survey 2014 and 2019,Annual,National,Under-five mortality rate [3.2.1],Gandaki,Percent,30
2019,Normal value,Units,Not Available,Nepal Multiple Indicator Cluster Survey 2014 and 2019,Annual,National,Under-five mortality rate [3.2.1],Lumbini,Percent,40
2019,Normal value,Units,Not Available,Nepal Multiple Indicator Cluster Survey 2014 and 2019,Annual,National,Under-five mortality rate [3.2.1],Karnali,Percent,30
2019,Normal value,Units,Not Available,Nepal Multiple Indicator Cluster Survey 2014 and 2019,Annual,National,Under-five mortality rate [3.2.1],Sudurpashchim,Percent,39
