Year,Observation status,Unit multiplier,Nature of data points,Source details,Frequency of observation,Reporting type,SERIES,Reference area,Age,UNIT_MEASURE,Value
2014,Normal value,Units,Not Available,Nepal Multiple Indicator Cluster Survey 2014 and 2019,Annual,National,"Adolescent birth rate (per 1,000 women aged 15-19 years) [3.7.2]",Nepal,15 to 19 years old,Percent,71
2019,Normal value,Units,Not Available,Nepal Multiple Indicator Cluster Survey 2014 and 2019,Annual,National,"Adolescent birth rate (per 1,000 women aged 15-19 years) [3.7.2]",Nepal,15 to 19 years old,Percent,63
2019,Normal value,Units,Not Available,Nepal Multiple Indicator Cluster Survey 2014 and 2019,Annual,National,"Adolescent birth rate (per 1,000 women aged 15-19 years) [3.7.2]",Province 1,15 to 19 years old,Percent,61
2019,Normal value,Units,Not Available,Nepal Multiple Indicator Cluster Survey 2014 and 2019,Annual,National,"Adolescent birth rate (per 1,000 women aged 15-19 years) [3.7.2]",Province 2,15 to 19 years old,Percent,96
2019,Normal value,Units,Not Available,Nepal Multiple Indicator Cluster Survey 2014 and 2019,Annual,National,"Adolescent birth rate (per 1,000 women aged 15-19 years) [3.7.2]",Bagmati,15 to 19 years old,Percent,40
2019,Normal value,Units,Not Available,Nepal Multiple Indicator Cluster Survey 2014 and 2019,Annual,National,"Adolescent birth rate (per 1,000 women aged 15-19 years) [3.7.2]",Gandaki,15 to 19 years old,Percent,58
2019,Normal value,Units,Not Available,Nepal Multiple Indicator Cluster Survey 2014 and 2019,Annual,National,"Adolescent birth rate (per 1,000 women aged 15-19 years) [3.7.2]",Lumbini,15 to 19 years old,Percent,57
2019,Normal value,Units,Not Available,Nepal Multiple Indicator Cluster Survey 2014 and 2019,Annual,National,"Adolescent birth rate (per 1,000 women aged 15-19 years) [3.7.2]",Karnali,15 to 19 years old,Percent,81
2019,Normal value,Units,Not Available,Nepal Multiple Indicator Cluster Survey 2014 and 2019,Annual,National,"Adolescent birth rate (per 1,000 women aged 15-19 years) [3.7.2]",Sudurpashchim,15 to 19 years old,Percent,60
