Year,Observation status,Unit multiplier,Nature of data points,Source details,Frequency of observation,Reporting type,SERIES,Reference area,Age,Degree of urbanisation,UNIT_MEASURE,Value
2017,Normal value,Units,Not Available,Nepal Labour Force Survey 2017/18,Annual,National,"Proportion of youth not in education, employment or training [8.6.1]",Nepal,15 to 24 years old,,Percent,35.3
2017,Normal value,Units,Not Available,Nepal Labour Force Survey 2017/18,Annual,National,"Proportion of youth not in education, employment or training [8.6.1]",Nepal,15 to 24 years old,Urban,Percent,31.2
2017,Normal value,Units,Not Available,Nepal Labour Force Survey 2017/18,Annual,National,"Proportion of youth not in education, employment or training [8.6.1]",Nepal,15 to 24 years old,Rural,Percent,43.3
2017,Normal value,Units,Not Available,Nepal Labour Force Survey 2017/18,Annual,National,"Proportion of youth not in education, employment or training [8.6.1]",Province 1,15 to 24 years old,,Percent,37.3
2017,Normal value,Units,Not Available,Nepal Labour Force Survey 2017/18,Annual,National,"Proportion of youth not in education, employment or training [8.6.1]",Province 2,15 to 24 years old,,Percent,48.3
2017,Normal value,Units,Not Available,Nepal Labour Force Survey 2017/18,Annual,National,"Proportion of youth not in education, employment or training [8.6.1]",Bagmati,15 to 24 years old,,Percent,20.9
2017,Normal value,Units,Not Available,Nepal Labour Force Survey 2017/18,Annual,National,"Proportion of youth not in education, employment or training [8.6.1]",Gandaki,15 to 24 years old,,Percent,33.0
2017,Normal value,Units,Not Available,Nepal Labour Force Survey 2017/18,Annual,National,"Proportion of youth not in education, employment or training [8.6.1]",Lumbini,15 to 24 years old,,Percent,36.9
2017,Normal value,Units,Not Available,Nepal Labour Force Survey 2017/18,Annual,National,"Proportion of youth not in education, employment or training [8.6.1]",Karnali,15 to 24 years old,,Percent,40.9
2017,Normal value,Units,Not Available,Nepal Labour Force Survey 2017/18,Annual,National,"Proportion of youth not in education, employment or training [8.6.1]",Sudurpashchim,15 to 24 years old,,Percent,37.0
