Year,OBS_STATUS,UNIT_MULT,NATURE,SOURCE_DETAIL,FREQ,REPORTING_TYPE,SERIES,REF_AREA,AGE,URBANISATION,UNIT_MEASURE,Value
2017,A,0,_X,Nepal Labour Force Survey 2017/18,A,N,SL_TLF_NEET,NP,Y15T24,,PT,35.3
2017,A,0,_X,Nepal Labour Force Survey 2017/18,A,N,SL_TLF_NEET,NP,Y15T24,U,PT,31.2
2017,A,0,_X,Nepal Labour Force Survey 2017/18,A,N,SL_TLF_NEET,NP,Y15T24,R,PT,43.3
2017,A,0,_X,Nepal Labour Force Survey 2017/18,A,N,SL_TLF_NEET,NP1,Y15T24,,PT,37.3
2017,A,0,_X,Nepal Labour Force Survey 2017/18,A,N,SL_TLF_NEET,NP2,Y15T24,,PT,48.3
2017,A,0,_X,Nepal Labour Force Survey 2017/18,A,N,SL_TLF_NEET,NP3,Y15T24,,PT,20.9
2017,A,0,_X,Nepal Labour Force Survey 2017/18,A,N,SL_TLF_NEET,NP4,Y15T24,,PT,33.0
2017,A,0,_X,Nepal Labour Force Survey 2017/18,A,N,SL_TLF_NEET,NP5,Y15T24,,PT,36.9
2017,A,0,_X,Nepal Labour Force Survey 2017/18,A,N,SL_TLF_NEET,NP6,Y15T24,,PT,40.9
2017,A,0,_X,Nepal Labour Force Survey 2017/18,A,N,SL_TLF_NEET,NP7,Y15T24,,PT,37.0
